ISO 27001:2022 Control ID,ISO 27001:2022 Control Name,ISO Control Summary (Paraphrased),NIST 800-53 Rev 5 Control ID,NIST 800-53 Control Name,NIST Control Summary (Paraphrased),Completeness & Gap Analysis
5.1,Policies for information security,"Establish, approve, and periodically review high-level organizational rules to direct the protection of informational assets.",PL-1,Security Planning Policy and Procedures,Document and distribute formal governance policies establishing organizational rules for security planning and policy baselines.,"Partial. ISO 5.1 acts as a universal directive for all security policies, whereas NIST PL-1 is program-specific, requiring distinct procedures, roles, and implementation details for the planning family."
5.2,Information security roles and responsibilities,Define and allocate specific security responsibilities and authorities throughout the organization to maintain clear accountability.,PM-9,Risk Executive Designation,"Appoint a dedicated individual or governing group to oversee risk assessments, security strategies, and operational accountability.","Partial. ISO 5.2 covers all security roles holistically, while NIST PM-9 focuses explicitly on establishing an enterprise-wide risk executive function connected to corporate governance."
5.3,Segregation of duties,"Separate conflicting operational tasks and responsibilities to minimize risks of unauthorized changes, modification, or fraud.",AC-5,Separation of Duties,Divide sensitive authorizations and duties among different individuals to prevent collusion and systemic abuse of access rights.,Full. Both controls enforce the division of operational duties to eliminate single-point vulnerabilities regarding security or transactional authorization.
5.4,Management responsibilities,"Require executives to visibly support, mandate, and review the execution of information security across all organizational functions.",PM-4,Plan of Action and Milestones Process,"Implement institutional remediation processes driven by management to track, resource, and resolve system security gaps.","Partial. ISO 5.4 emphasizes management's cultural and leadership endorsement, while NIST PM-4 mandates an explicit, documented corrective action plan framework (POA&M) for senior leaders."
5.5,Contact with authorities,"Establish and maintain structured communication channels with relevant regulatory bodies, legal teams, and law enforcement.",IR-6,Incident Reporting,Define strict guidelines and timelines for reporting security incidents and operational breaches to external public entities.,"Partial. ISO 5.5 focuses broadly on general ongoing relational contact with authorities, whereas NIST IR-6 mandates a systematic, structured mechanism for reporting active security compromises."
5.6,Contact with special interest groups,"Engage with professional security associations, industry forums, and knowledge-sharing groups to track emerging threats and standards.",SI-16,Information Sharing,Participate in external bilateral or multilateral information-sharing forums to exchange threat indicators and cybersecurity defensive insights.,Full. Both framework items require active collaboration with peer networks and specialized bodies to ingest external threat intelligence and security best practices.
5.7,Threat intelligence,"Collect, analyze, and process contextual information regarding operational threats to enable proactive risk mitigation and defenses.",RA-3,Risk Assessment,"Identify, assess, and prioritize threat indicators, systemic vulnerabilities, and likelihoods to establish comprehensive technical risk baselines.","Partial. ISO 5.7 emphasizes the ingestion, curation, and dissemination of dynamic threat feeds, while NIST RA-3 focuses on formal, structured internal risk analyses utilizing that data."
5.8,Information security in project management,"Integrate information security criteria, risk evaluations, and guardrails into all phases of organizational project lifecycles.",SA-3,System Development Life Cycle,Incorporate explicit security and privacy engineering requirements directly into the overarching development and project framework.,Full. Both require that security is built into programmatic initiatives from inception rather than being bolted on post-execution.
5.9,Inventory of information and other associated assets,"Develop, document, and maintain an accurate ledger of all corporate processing assets, datasets, and supporting systems.",CM-8,System Component Inventory,"Create and keep updated a granular, continuous inventory tracking all physical and virtual hardware and software elements.","Partial. ISO 5.9 includes intangible informational assets (intellectual property, records), whereas NIST CM-8 is highly technical, focusing primarily on hardware, virtual nodes, and physical modules."
5.10,Acceptable use of information and other associated assets,Formulate and mandate clear guidelines detailing permitted operational behaviors and restrictions regarding corporate assets.,PL-4,Rules of Behavior,"Establish, disseminate, and obtain explicit user acknowledgments regarding rules governing system usage and administrative privileges.",Full. Both ensure that end-users and administrators are bound by formal behavioral parameters when operating company-owned resources.
5.11,Return of assets,"Ensure all workers hand back company-owned hardware, data storage, and documentation upon termination or transfer.",PS-4,Personnel Termination,"Execute offboarding checklists that require retrieval of keys, credentials, tokens, and corporate information devices from departing staff.",Full. Both manage the technical and physical reclaim of organizational properties during an employee or contractor offboarding workflow.
5.12,Classification of information,Categorize data assets into distinct tiers based on confidentiality requirements and potential organizational harm from disclosure.,RA-2,Security Categorization,"Classify organizational processing systems and data files using explicit low, medium, or high impact metrics regarding core confidentiality, integrity, and availability.","Partial. ISO 5.12 focuses heavily on labeling arbitrary file contents, whereas NIST RA-2 applies a rigorous system-boundary analysis mapped to federal impact thresholds."
5.13,Labelling of information,"Implement an active, standardized metadata or physical tagging system to denote the sensitivity level of processed data.",MP-3,Media Marking,"Affix clear, unambiguous security markings on electronic and physical media storage components reflecting system impact levels.",Full. Both require clear visual or logical indicators on data packages and storage media to guide users in appropriate handling behaviors.
5.14,Information transfer,"Establish formal policies, protocols, and technical agreements to secure the transmission of data to external parties.",AC-4,Information Flow Enforcement,Deploy system configurations and filters that restrict data movements between interconnected nodes based on defined security policies.,"Partial. ISO 5.14 focuses extensively on administrative mechanisms like data transfer agreements (DPAs), while NIST AC-4 mandates technical rule-based controls to block unauthorized data routing."
5.15,Access control,Govern and limit logical permissions allowing users or services to interact with specific enterprise systems and data assets.,AC-3,Access Enforcement,Configure automated security mechanisms to enforce logical access parameters across system boundaries based on official access rules.,"Partial. ISO 5.15 outlines overall policy goals for access restrictions, whereas NIST AC-3 details specific technical enforcement strategies (e.g., RBAC, ABAC) within system architectures."
5.16,Identity management,"Control the full lifecycle of corporate identities, ensuring unique accounts are allocated to authorized entities.",IA-2,Identification and Authentication (Organizational Users),Uniquely identify and authenticate all internal network actors before granting logical access to operational boundaries.,"Full. Both ensure that every user profile is tied back to a singular, verifiable individual or service principal to preserve accountability."
5.17,Authentication information,"Enforce strict management rules regarding the creation, allocation, modification, and protection of verification secrets like passwords and tokens.",IA-5,Authenticator Management,"Establish systemic rules for managing secrets, including length, complexity, rotation schedules, and security during storage and transmit.","Full. Both control frameworks govern the security, distribution, and operational maintenance of verification factors and secrets."
5.18,Access rights,"Provision, adjust, and revoke application and database access privileges in strict alignment with authorization policies.",AC-2,Account Management,"Monitor, authorize, and systematically audit user account states, changes, creations, suspensions, and termination workflows.","Full. Both address the active, ongoing lifecycle administration of user credentials and specific data privilege schemes."
5.19,Information security in supplier relationships,Define and communicate the organization's explicit security requirements to all third-party vendors accessing enterprise environments.,SR-2,Supply Chain Risk Management Policy and Procedures,"Establish organizational structures, policies, and analytical models to minimize technology supply chain threats and vendor exposure.","Partial. ISO 5.19 focuses on immediate business vendor agreements, whereas NIST SR-2 establishes a macro-level Supply Chain Risk Management (SCRM) program targeting deep counterfeit and provenance tracking."
5.20,Addressing information security within supplier agreements,"Embed enforceable, contractually binding security commitments into all service level agreements and vendor contracts.",SR-5,Acquisition Strategies / Tools / Methods,Incorporate clear security performance requirements and evaluation criteria into acquisition documentation and legal procurement channels.,Full. Both require the inclusion of legal and administrative compliance clauses within purchasing contracts to enforce partner liability.
5.21,Managing information security in the ICT supply chain,"Analyze and track risks downstream through the tech supply chain, encompassing manufacturing, software development, and cloud integration.",SR-3,Supply Chain Controls and Processes,"Execute specialized technical assessments, code reviews, and physical integrity verifications for components throughout the procurement lifecycle.","Partial. ISO 5.21 mandates basic risk management for tech supply, while NIST SR-3 outlines exhaustive, granular operations including anti-counterfeiting, tamper detection, and component tracking."
5.22,"Monitoring, review and change management of supplier services","Routinely audit, assess, and manage alterations in third-party service delivery to ensure continuous adherence to contract terms.",SR-6,Supplier Assessments and Reviews,"Conduct regular technical assessments, reviews, and audits of technology suppliers to confirm adherence to security baselines.",Full. Both establish operational routines to actively audit vendor performance against security obligations rather than relying solely on point-in-time checks.
5.23,Information security for use of cloud services,"Establish distinct parameters for cloud configuration, shared responsibility alignment, and operational governance of multi-tenant environments.",SA-9,External System Services,"Oversee, authorize, and audit the usage of external information systems, ensuring equivalent internal baseline controls are applied.","Partial. ISO 5.23 treats cloud computing as a distinct structural scenario needing clear shared governance, while NIST SA-9 treats it under the broader category of any external hosted platform service."
5.24,Information security incident management planning and preparation,"Formulate comprehensive structures, team responsibilities, and playbook baselines to ensure ready execution during a cyber incident.",IR-1,Incident Response Policy and Procedures,"Establish operational blueprints, coordination directives, and programmatic infrastructure for enterprise incident resolution.","Full. Both require the formal structural creation of incident response capabilities, communication pathways, and procedural readiness."
5.25,Assessment and decision on information security events,Evaluate operational anomalies and security signals to accurately categorize them and declare official incident status if warranted.,IR-4,Incident Handling,"Execute real-time identification, sorting, technical triage, and dynamic analysis of system indicators to handle active anomalies.",Full. Both mandate a logical triage process to distinguish benign system errors from adversarial activity requiring emergency response escalation.
5.26,Response to information security incidents,"Deploy containment, eradication, and system recovery activities to neutralize active threats in accordance with operational procedures.",IR-4,Incident Handling,"Perform containment, coordination, tactical recovery, and internal evidence preservation when managing an operational exploit.",Full. Both mandate technical containment steps to isolate threats and system restoration actions to return the company to steady state operations.
5.27,Learning from information security incidents,"Analyze resolved security breaches to extract root causes, updating security parameters and training to prevent future reoccurrences.",IR-8,Incident Lessons Learned,Conduct post-incident reviews to document systemic vulnerabilities exploited and integrate changes into defensive baselines.,Full. Both ensure that security incidents serve as corrective feedback mechanisms to harden institutional defense layers.
5.28,Collection of evidence,Secure and preserve digital forensic material and chain of custody data following an incident to support legal or internal reviews.,IR-7,Incident Response Assistance,"Establish internal resources or expert forensic capabilities to capture artifacts, preserve volatile memory, and document breach metrics.","Partial. ISO 5.28 focuses heavily on meeting standard judicial criteria for evidence admissibility, whereas NIST IR-7 highlights providing general engineering support during analytical procedures."
5.29,Information security during disruption,"Maintain baseline security continuity and information controls during a disaster, emergency, or business interruption event.",CP-2,Contingency Plan,"Develop and execute detailed plans describing fallback procedures, roles, and technical architectures during system failovers.","Partial. ISO 5.29 mandates that security protections remain functional *during* a crisis, whereas NIST CP-2 provides the exhaustive operational manual for system recovery itself."
5.30,ICT readiness for business continuity,"Ensure information systems possess structural availability, redundant capacity, and failover validation to fulfill recovery time objectives.",CP-6,Alternate Storage Site,Configure and establish distinct geometric backup locations equipped with proper environmental and technical safeguards.,"Partial. ISO 5.30 is a high-level technical capability requirement for comprehensive continuity, whereas NIST CP-6 specifies the explicit setup parameters for an alternate storage center."
5.31,"Legal, statutory, regulatory and contractual requirements","Identify and map all relevant legislative mandates, contract conditions, and regulatory environments to ensure security design compliance.",PM-4,Plan of Action and Milestones Process,"Oversee corporate mapping and funding lines to ensure systemic adherence with public laws, statutory policies, and regulatory guidelines.","Partial. ISO 5.31 requires cataloging the compliance matrix, while NIST maps these through the overarching enterprise Program Management (PM) controls which connect compliance directly to budget and mission."
5.32,Intellectual property rights,"Deploy procedural safeguards to prevent illicit utilization, sharing, or replication of copyrighted or proprietary material.",PM-19,Leveraging Proprietary and Open-Source Software,"Establish formal risk frameworks governing usage restrictions, licenses, and rights assessments across the enterprise.",Full. Both ensure software and technical architectures adhere to intellectual property rules and avoid illegal utilization of code.
5.33,Protection of records,"Secure internal operational records against unauthorized destruction, modification, or falsification in compliance with retention mandates.",MP-6,Media Sanitization,Safeguard corporate records and system media from unauthorized reading or extraction using rigorous destruction techniques.,"Partial. ISO 5.33 centers on standard business record retention and structural integrity, while NIST MP-6 targets specific media disposal and data wiping technologies."
5.34,Privacy and protection of PII,"Configure technical structures and organizational policy settings to isolate, protect, and process personally identifiable data legally.",PM-20,Privacy Program Management,"Implement an institutional privacy office, framework, and accountability metrics to map and monitor PII workflows.","Partial. ISO 5.34 outlines security protection for personal data inside the ISMS, while NIST Rev 5 incorporates a comprehensive parallel framework of dedicated Privacy Controls (PT/PM families) that go far deeper into privacy rights."
5.35,Independent review of information security,"Subject the entire enterprise security environment and control frameworks to scheduled, unbiased third-party or independent internal audits.",CA-2,Control Assessments,Appoint impartial assessors to formally audit and test systemic control efficacy to uncover systemic configuration flaws.,"Full. Both require an uncompromised, objective evaluation of control health by personnel independent of system management."
5.36,Compliance with policies and standards for information security,"Regularly audit individual system administrators, configurations, and network environments to confirm tight alignment with corporate baselines.",CA-7,Continuous Monitoring,Implement structural automated solutions to perform perpetual configuration scanning and ongoing validation of control states.,"Partial. ISO 5.36 favors point-in-time reviews and operational check routines, whereas NIST CA-7 requires dynamic, ongoing automated continuous monitoring mechanisms."
5.37,Documented operating procedures,"Formulate and maintain explicit, written step-by-step instructions for managing system operations and daily IT workflows.",CM-9,Configuration Management Plan,Develop detailed administrative roadmaps and operational guidelines for managing modifications and running core architectures.,"Full. Both ensure that technical maintenance, changes, and system activities are driven by documented processes rather than informal, unverified ad-hoc habits."
6.1,Screening,"Conduct systematic identity, criminal background, and historical background verifications on candidate personnel before formal hiring.",PS-3,Personnel Screening,Apply proportional vetting and security clearance criteria to individuals prior to granting technical access to organizational boundaries.,Full. Both controls attempt to minimize internal risk vectors by verifying employee backgrounds before introducing them into systems.
6.2,Terms and conditions of employment,"Enforce explicit contractual clauses defining a worker's personal security obligations, continuing indefinitely past their active tenure.",PS-6,Access Agreements,"Secure formal user signatures on acceptable use, confidentiality, and behavioral agreements before provision of user accounts.",Full. Both manage the administrative framework that establishes legally binding security accountability on the individual worker.
6.3,"Information security awareness, education and training","Deliver continuous threat briefings, phishing mock tests, and baseline security habits training to all corporate workforce units.",AT-2,Literacy Training and Awareness,"Disseminate broad security awareness material focused on general infrastructure hygiene, social engineering tactics, and modern exploit vectors.",Full. Both focus on human error mitigation by requiring mandatory ongoing security literacy tracks for standard users.
6.4,Disciplinary process,"Establish a formalized administrative process to penalize, suspend, or terminate employees who intentionally violate security guidelines.",PS-8,Personnel Sanctions,Operationalize corporate penalty structures to address deliberate non-compliance or accidental compromises of internal policies.,"Full. Both require clear, authoritative avenues for HR and Security to take formal corrective and punitive action against rule-breakers."
6.5,Responsibilities after termination or change of employment,"Define, communicate, and track individual security obligations that remain legally active after a resource departs the company.",PS-4,Personnel Termination,"Conduct exit briefings to reinforce remaining non-disclosure obligations, immediately cutting off physical and logical access paths.","Full. Both manage the final exit stage of human risk, ensuring credentials are wiped and long-term secrets remain legally protected."
6.6,Confidentiality or non-disclosure agreements,"Require legally binding non-disclosure pledges to protect proprietary data assets, signed by all workers and contract partners.",PS-6,Access Agreements,"Require users to sign official, legally vetted confidentiality contracts prior to exposing them to internal system resources.",Full. Both ensure information protection by wrapping system exposure in enforceable corporate non-disclosure mandates.
6.7,Remote working,"Deploy specific endpoint baselines, connection protocols, and physical tracking rules to defend data processed outside formal offices.",AC-17,Remote Access,"Enforce strict encryption, gateway architectures, and explicit management tracking for data flows originating from external networks.","Partial. ISO 6.7 contains broad operational/physical criteria for work-from-home settings, whereas NIST AC-17 details specific encryption protocols (e.g., managed VPNs, TLS) and architectural gateway configurations."
6.8,Information security event reporting,"Mandate and simplify procedures for workforce units to instantly flag observed system anomalies, bugs, or suspicious incidents.",IR-6,Incident Reporting,Configure internal channels allowing personnel to easily report emerging system vulnerabilities or potential indicators of compromise.,Full. Both controls seek to shorten detection times by empowering standard employees to function as active security detection points.
7.1,Physical security perimeters,"Construct robust external structures, perimeter walls, and physical barriers around campus zones handling internal data systems.",PE-3,Physical Access Control,"Enforce hard structural perimeters, facility fences, and guarded boundaries to strictly filter incoming human traffic.",Full. Both frameworks rely on structural architecture and perimeter containment to baseline the security of physical facilities.
7.2,Physical entry,"Restrict portal entry across facilities to authorized personnel using electronic locks, badges, or manned guard stations.",PE-3,Physical Access Control,"Leverage badges, multi-factor electronic locks, or visitor logging procedures at perimeter access portals to grant facility entry.",Full. Both require real-time validation of individual identity before permitting physical passage through facility access doors.
7.3,"Securing offices, rooms and facilities","Design, separate, and lock inner office suites and specific equipment rooms to prevent unauthorized deep penetration into sites.",PE-4,Access Control for Transmission Medium,Implement distinct interior structural boundaries to separate open common spaces from sensitive processing cores or data rooms.,"Full. Both demand multi-tiered internal physical isolation, ensuring that gaining access to the main lobby does not grant access to data centers."
7.4,Physical security monitoring,"Deploy active surveillance networks, intruder alarms, and closed-circuit video setups to track building grounds continuously.",PE-6,Physical Access Monitoring,"Utilize video systems, physical sensors, and centralized alarms to observe and record unauthorized movements across facility grounds.",Full. Both mandate continuous visual or electronic monitoring of facility boundaries to instantly capture physical intrusions.
7.5,Protecting against physical and environmental threats,"Incorporate industrial protective frameworks against natural forces like fire, flooding, seismic activity, and physical sabotage.",PE-13,Environmental Controls,"Integrate suppression tools, smoke detectors, water dams, and structured building reinforcement to preserve infrastructure integrity.","Partial. ISO 7.5 merges physical and environmental threats broadly, whereas NIST splits these into highly dedicated controls for fire protection (PE-13), temperature (PE-14), and water damage (PE-15)."
7.6,Working in secure areas,Establish rigid operational procedures and strict monitoring parameters for personnel performing tasks inside high-security zones.,PE-2,Physical Access Authorizations,Develop authorized access logs and behavior protocols for staff specifically permitted within restricted hardware rooms.,Full. Both topic areas cover controlling personnel activities inside restricted or core mechanical layers.
7.7,Clear desk and clear screen,Enforce strict habits requiring workers to stow sensitive paperwork safely and enforce screen lockouts when moving away from desks.,PE-18,Location of System Components,"Situate endpoint stations to block shoulder surfing, configuring automated idle locks on all display outputs.","Partial. ISO 7.7 places emphasis on human workspace sorting habits (desks), while NIST PE-18 focuses heavily on technical configuration policies and physical hardware placement rules."
7.8,Equipment siting and protection,Position and isolate operational hardware elements to prevent damage from environmental factors and reduce line-of-sight exposure.,PE-18,Location of System Components,Position critical processing equipment inside protected inner structural nodes to deny unauthorized visibility and reach.,"Full. Both ensure that target hardware is strategically placed in low-risk zones rather than public-facing, exposed areas."
7.9,Security of assets off-premises,"Enforce tracking, authorization, and technical protection models for any organizational processing gear utilized outside company facilities.",PE-17,Alternative Work Site,Validate and mandate baseline physical security protections for systems deployed in alternative workspaces or external locations.,Full. Both address the extension of internal security baselines to cover assets operating outside the physical protection of the main corporate office.
7.10,Storage media,"Manage the complete tracking lifecycle, encryption, and secure handling of portable storage drives, tapes, and disks.",MP-4,Media Storage,"Physically secure, inventory, and restrict access to physical and digital data storage units inside designated control parameters.",Full. Both frameworks prioritize tracking and guarding physical storage blocks to stop simple physical data extraction exploits.
7.11,Supporting utilities,"Insulate hardware setups from power infrastructure failure by implementing backup generators, UPS systems, and steady telecom lines.",PE-11,Emergency Power,"Deploy secondary, localized power supply mechanics to maintain technical operations during baseline utility failure grid events.","Partial. ISO 7.11 includes water and HVAC utility support under one umbrella, whereas NIST provides separate controls for backup emergency electricity (PE-11) and HVAC systems (PE-14)."
7.12,Cabling security,"Shield and physically route power, network connectivity, and data lines to prevent active wiretapping, physical intercepts, or sabotage.",PE-9,Power Equipment and Cabling,"Construct physical conduits, floor pathways, and underground routings to secure communication cables against tampering or destruction.",Full. Both target protecting network and electrical copper/fiber connections from simple physical cutting or electronic intercept actions.
7.13,Equipment maintenance,Perform regular maintenance on information systems and supporting structures in accordance with manufacturer parameters to ensure availability.,PE-12,Component Servicing,"Schedule, authorize, and audit system hardware maintenance activities, ensuring repair workers are fully authenticated.","Partial. ISO 7.13 focuses heavily on operational uptime and general system health, while NIST PE-12 mandates explicit pre-authorization protocols for maintenance personnel and technical tools brought on-site."
7.14,Secure disposal or re-use of equipment,"Decommission, wipe, and process hardware nodes to ensure that no residual corporate information remains on devices prior to disposal.",MP-6,Media Sanitization,"Utilize verified physical destruction, degaussing, or deep logical overwriting methods to eliminate remaining data on retiring media.","Full. Both mandate advanced cryptographic wiping or physical destruction methods to prevent data leakage from obsolete, discarded hardware assets."
8.1,User endpoint devices,"Enforce strict device configuration matrices, endpoint encryption, and compliance checking on mobile and station units.",AC-19,Access Control for Mobile Devices,"Establish usage policies, connection parameters, and mandatory full-disk encryption for portable technology computing platforms.","Partial. ISO 8.1 encompasses stationary office workstations and corporate endpoints holistically, while NIST AC-19 is focused specifically on portable, high-risk wireless and mobile devices."
8.2,Privileged access rights,"Limit, audit, and systematically control elevated account rights (such as root or domain admin) to prevent widespread exploit impacts.",AC-6,Least Privilege,Enforce explicit technical settings to limit user and tool roles to the minimum functional access necessary for tasks.,Full. Both are designed to prevent credential amplification by locking down admin profiles and tracking their usage patterns tightly.
8.3,Information access restriction,"Apply file, directory, and system access blocks that filter user execution capabilities based on business role mapping.",AC-3,Access Enforcement,Deploy system access control lists (ACLs) to logically approve or deny interaction requests with system objects.,"Full. Both mandate the utilization of system enforcement points to block unauthorized read, write, and execute attempts on corporate data assets."
8.4,Access to source code,"Isolate, protect, and restrict read and write capability over proprietary application source code repositories to prevent exploitation.",SA-11,Developer Security Testing and Evaluation,Restrict developer environments and enforce code repository controls to prevent unauthorized injections and code alterations.,"Partial. ISO 8.4 is a highly explicit access control requirement for source code repositories, whereas NIST addresses this as a sub-component within broad system development and supply chain engineering controls (SA family)."
8.5,Secure authentication,"Incorporate multi-factor verification mechanisms, robust cryptographic secrets, and continuous signal checks before granting entry.",IA-2,Identification and Authentication (Organizational Users),"Require cryptographically sound multi-factor authentication models for network, local, and administrative account verification.","Full. Both controls enforce the technical death of single-factor password authentication, mandating separate verification steps (biometrics, physical tokens)."
8.6,Capacity management,"Monitor system capacity usage patterns, projecting storage, network, and processing requirements to maintain continuity.",SC-6,Resource Availability,Configure resource allocation limits and performance monitors to protect compute infrastructure against starvation and denial of service.,Full. Both prevent infrastructure exhaustion by setting active baselines and alerting on threshold breaches before service collapse occurs.
8.7,Protection against malware,Integrate real-time behavioral and signature scanning software engines across endpoints and entryways to eliminate rogue applications.,SI-3,Malicious Code Protection,"Deploy and automatically update server and endpoint protective modules to actively scan for and isolate viruses, trojans, and malicious macros.","Full. Both mandate automated, systemic anti-malware operations to catch malicious files before execution inside network zones."
8.8,Management of technical vulnerabilities,"Execute regular infrastructure scanning, assess severity metrics, and implement missing security patches within established time limits.",RA-5,Vulnerability Monitoring and Scanning,"Utilize automated vulnerability scanners to probe system interfaces, compile missing patch maps, and remediate flaw exposures.","Partial. ISO 8.8 outlines the full operational management cycle of remediation and patch tracking, while NIST RA-5 details the explicit technical parameters and frequencies of automated scanning execution."
8.9,Configuration management,"Establish, audit, and systematically manage secure configuration baselines for all network, software, and hardware configurations.",CM-2,Baseline Configuration,"Develop, document, and maintain a high-fidelity baseline architecture state to guide secure system provisioning and modification.","Full. Both prevent security erosion by requiring that all systems conform to an official, tightly audited, non-default configuration state."
8.10,Information deletion,"Configure database and file system features to permanently purge digital records when no longer needed, bypassing residual recovery.",SI-12,Information Residual Representation and Protection,Ensure that logical data allocations and memory blocks are purged completely to prevent subsequent users from reading residual bits.,Full. Both address the technical prevention of data mining exploits that target unallocated sectors or poorly deleted storage objects.
8.11,Data masking,"Apply obfuscation, pseudonymization, or masking techniques to hide sensitive metrics inside non-production or analytics databases.",SC-28,Protection of Information at Rest,"Implement structural protections, column-level encryption, or programmatic data masking to shield data fields from unauthorized views.","Partial. ISO 8.11 explicitly targets data masking for role-based viewing (e.g., hiding PII in test environments), while NIST SC-28 is broadly focused on raw cryptographic security of bulk storage volumes."
8.12,Data leakage prevention,Deploy advanced network filter modules and endpoint agents designed to automatically block outbound movement of classified corporate data.,AC-4,Information Flow Enforcement,Implement technical boundary rule configurations to prevent confidential data payloads from crossing into untrusted external networks.,"Partial. ISO 8.12 focuses heavily on specialized Data Loss Prevention (DLP) tooling and payload inspection, while NIST AC-4 deals with macro information flow architectures and strict zone separation models."
8.13,Information backup,"Generate and securely replicate data copies to isolated repositories, testing restoration routines regularly to guarantee survivability.",CP-9,System Backup,"Execute scheduled system backups encompassing user data, volume states, and security metadata, ensuring offline or immutable storage.","Full. Both require systematic, protected backup generation coupled with verification routines to survive ransomware or catastrophic storage crashes."
8.14,Redundancy of information processing facilities,"Incorporate active structural high-availability, duplicate physical lines, and network pathing options to prevent single-point downtime events.",CP-7,Alternate Processing Site,Deploy operational failover platforms and network routing capacity geographically separate from primary systems to sustain business operations.,"Partial. ISO 8.14 focuses on general clustering and local hardware high availability, while NIST CP-7 details rigorous geographic separation parameters for standby infrastructure zones."
8.15,Logging,"Configure background operating mechanisms to capture distinct user activities, security errors, and transactional activities into logs.",AU-2,Event Logging,"Define exact events, audit parameters, and transactional anomalies that must be logged by components across system layers.",Full. Both mandate the technical establishment of background system audit records to track configuration modifications and trace security incidents.
8.16,Monitoring activities,"Analyze real-time event logs, inbound connection records, and application metrics to detect indicators of malicious behavior.",SI-4,System Monitoring,"Deploy network security monitoring, intrusion detection engines, and event analysis tools to flag unauthorized system behaviors.",Full. Both move beyond simple passive logging to require active technical monitoring frameworks that detect active intrusions.
8.17,Clock synchronization,Synchronize internal timekeepers across all system assets to a master authoritative atomic time reference to preserve forensic accuracy.,AU-8,Time Stamps,"Configure internal system clocks to reference standard external time servers, generating synchronized forensic time stamps for all log entries.",Full. Both understand that accurate forensic timeline recreation during post-incident investigations requires exact clock alignment across all nodes.
8.18,Use of privileged utility programs,Restrict and closely monitor powerful system utilities capable of overriding standard OS file security and control configurations.,AC-6,Least Privilege,Enforce technical access profiles to prevent users from executing dangerous system management tools or low-level utilities.,Full. Both mitigate the danger of structural bypass techniques by strictly limiting access to low-level maintenance utilities.
8.19,Installation of software on operational systems,Configure technical barriers and endpoint restrictions to block users from executing unauthorized software files on production platforms.,CM-7,Least Functionality,Enforce application allowlisting and block unnecessary protocols to ensure systems run only authorized software programs.,"Full. Both require hard administrative or technical filters (like application allowlisting) to block arbitrary, unapproved user code execution."
8.20,Network security,"Govern, separate, and secure data traffic boundaries across corporate communication pathways using advanced technical protections.",SC-7,Boundary Protection,"Deploy network firewalls, packet filters, and traffic management gateways at all external connection interfaces.","Partial. ISO 8.20 represents a broad macro directive for general network engineering security, while NIST SC-7 explicitly outlines granular rules for interface filtering, XML inspection, and proxy placement."
8.21,Security of network services,"Establish strict authorization matrices and encryption layers for specialized communication services like VPNs, DNS, and routing protocols.",SC-7,Boundary Protection,Isolate network services and configure strict security parameters on internal communication gateways to block malicious traffic routing.,Full. Both ensure that ancillary network utilities and carrier protocols are locked down against hijacking or man-in-the-middle attacks.
8.22,Segregation of networks,Partition enterprise communication architecture into isolated logical zones to contain breaches and protect sensitive backend records.,SC-7,Boundary Protection,"Enforce explicit internal subnetting, VLAN separations, and logical isolation zones between corporate and DMZ assets.",Full. Both require network micro-segmentation to ensure a compromise in a public-facing web server does not grant flat lateral access to database segments.
8.23,Web filtering,"Deploy proxy content filters to automatically block browser connections to dangerous, malicious, or unapproved web domains.",SI-4,System Monitoring,"Monitor and intercept user outbound web traffic, utilizing domain filters to block communication with command-and-control servers or malware drops.",Full. Both mandate the active filtering of web traffic to minimize user exposure to drive-by malware downloads and social engineering sites.
8.24,Use of cryptography,"Mandate high-grade encryption algorithms, key distribution mechanisms, and secure lifecycle practices across all corporate architectures.",SC-13,Cryptographic Protection,Leverage validated mathematical cryptographic modules to protect the confidentiality and integrity of classified data blocks.,"Full. Both ensure data confidentiality by mandating approved cryptographic standards (e.g., FIPS 140-validated modules for NIST) across system layers."
8.25,Secure development lifecycle,"Establish mandatory secure software development guidelines, code reviews, and testing milestones for all in-house applications.",SA-3,System Development Life Cycle,Govern software creation processes using an structured lifecycle framework that mandates continuous security engineering reviews.,Full. Both demand that application security features are integrated throughout the development lifecycle rather than being addressed ad-hoc near release.
8.26,Application security requirements,"Analyze and specify individual security criteria, user input validations, and threat profiles when engineering application systems.",SA-4,Acquisition Process,Incorporate explicit technical security specifications and feature requirements directly into design and software acquisition phases.,Full. Both ensure that application architectures are designed from inception to handle malicious inputs and enforce specific security capabilities.
8.27,Secure system architecture and engineering principles,"Apply verified structural architecture principles, including zero-trust design, defense-in-depth, and fail-secure settings during system implementation.",SA-8,Security and Privacy Engineering Principles,"Apply system engineering blueprints based on defense-in-depth, complete mediation, and isolation models to reduce exploit surfaces.","Full. Both mandate moving past ad-hoc security configurations, forcing engineering teams to apply foundational security architecture patterns."
8.28,Secure coding,"Train developers and enforce specific coding practices to block buffer overflows, injection exploits, and logic bugs.",SA-11,Developer Security Testing and Evaluation,"Require developers to perform code analysis, prevent known software vulnerabilities, and follow structured coding standards.","Full. Both target vulnerability elimination at the source by mandating secure coding practices and preventing common security flaws (e.g., OWASP Top 10)."
8.29,Security testing in development and acceptance,"Subject modified applications to static, dynamic, and penetration testing routines prior to pushing code into production status.",SA-11,Developer Security Testing and Evaluation,"Execute explicit vulnerability scanning, regression verification, and security quality checks before authorizing product rollout.",Full. Both require rigorous pre-deployment technical validation to identify design flaws and code openings before code exposure to live threats.
8.30,Outsourced development,"Supervise, audit, and mandate strict compliance with internal secure coding standards when utilizing external software vendors.",SA-12,Supply Chain Risk Management,Apply explicit supply chain checks and developer vetting rules on external third parties building custom software elements.,"Partial. ISO 8.30 centers on monitoring contract software developers, while NIST SA-12 provides a far broader supply chain tracking model including third-party code provenance, tampering, and legal tracking."
8.31,"Separation of development, testing and production environments","Isolate development, testing, and production environments logically and physically to prevent untested code or active bugs from impacting production networks.",SC-7,Boundary Protection,Enforce distinct access boundaries and execution limits to isolate development sandboxes from live production databases.,"Full. Both controls prevent configuration mixing, ensuring that development work and software testing occur completely separate from live transaction spaces."
8.32,Change management,"Subject all systems modifications, environment changes, and updates to formal approval, documentation, and regression testing reviews.",CM-3,Configuration Change Control,"Coordinate, analyze, and track physical and logical updates to the environment using a formal configuration board review mechanism.","Full. Both require rigorous change control procedures to prevent undocumented, rogue, or untested changes from undermining security baselines."
8.33,Test information,"Protect and sanitize testing data, avoiding the utilization of live production PII datasets inside non-production environments.",MP-7,Media Use,"Restrict the use of operational production data in test environments, requiring sanitized or synthetic datasets.",Full. Both prevent data leakage by prohibiting developers from copying live customer PII or transaction histories into less-secure testing sandboxes.
8.34,Protection of information systems during auditing testing,Coordinate and schedule security assessment activities carefully to minimize operational performance impacts and prevent system disruptions.,CA-7,Continuous Monitoring,Manage active control assessment and configuration checking routines so they do not interrupt system operations or degrade core system performance thresholds.,Full. Both require that automated scanning or active manual audit verifications are managed to protect live production environments from accidental downtime.
