ISO 42001 ID,ISO 42001 Control Name,ISO Paraphrased Summary,Target NIST Framework,NIST Control/Category ID,NIST Control/Category Name,NIST Paraphrased Summary,Completeness & Gap Analysis,Full or Partial
A.2.1,AI Policy Formalization,"Draft, approve, and communicate a definitive corporate policy outlining the organization's commit to responsible, safe, and transparent AI deployment.",NIST AI RMF 1.0,GOVERN 1.1,AI Policies and Organizational Commits,"Establish formal organizational policy baselines that explicitly state priorities, risk tolerances, and ethical commitments for AI systems.","Full. Both core controls direct senior leadership to establish a definitive, high-level policy charter to anchor all subsequent AI compliance and risk governance activities.",
A.2.2,Alignment with Other Corporate Policies,"Ensure the AI policy framework is structurally integrated with existing organizational policies, including information security, data privacy, and HR guidelines.",NIST AI RMF 1.0,GOVERN 1.2,Integration of Corporate Policies,"Integrate AI risk management policies with broader enterprise-wide risk strategies, privacy policies, and overarching operational protocols.","Full. Both controls enforce cross-functional symmetry, ensuring that AI risk management does not operate as an isolated silo but acts as an extension of foundational security and privacy policies.",Full
A.2.3,Review of the AI Policy,"Execute regular, scheduled reviews of the AI policy framework to adapt to technical advancements, structural shifts, or evolving regulatory landscapes.",NIST AI RMF 1.0,GOVERN 4.3,Organizational Feedback Loops,"Establish operational mechanisms to regularly review, update, and refine AI security governance rules based on post-deployment assessments and market changes.","Full. Both maintain a dynamic compliance baseline by mandating continuous governance adjustments to account for model drift, emerging threat matrices, and regulatory revisions.",
A.3.1,"AI Roles, Responsibilities, and Authorities","Formally assign, document, and distribute distinct roles, ownership criteria, and cross-functional oversight mandates for AI design, deployment, and auditing.",NIST AI RMF 1.0,GOVERN 2.1 / 2.2,Accountability Structures & Teams,"Clearly define, empower, and resource explicit organizational roles, teams, and structural lines of accountability for managing AI system choices.","Full. Both require the creation of clear RACI frameworks or governance committees to eradicate ambiguous ownership over model performance, validation, and data pipelines.",
A.3.2,Reporting of AI Governance Concerns,"Establish confidential, non-punitive internal reporting channels and escalation paths for workforce units to flag algorithmic bias, safety anomalies, or policy violations.",NIST AI RMF 1.0,GOVERN 4.2,Whistleblower and Feedback Mechanisms,"Create transparent, safe communication channels enabling internal personnel to raise concerns regarding AI system performance, harms, or ethical violations.",Full. Both foster an inside risk-aware culture by technically and administratively shielding staff who uncover and report model anomalies or ethical degradation.,
A.4.1,Human Resources and Competency,"Identify, document, and periodically verify the specialized skill sets, academic training, and ethical competency metrics needed for AI-facing staff.",NIST AI RMF 1.0,GOVERN 3.1,Workforce Competency Development,"Invest in and maintain adequate human capital, training frameworks, and skill baselines to manage complex AI lifecycle risk domains.","Full. Both place operational focus on human capability, recognizing that sophisticated model architectures cannot be securely overseen by personnel lacking data science or AI security training.",
A.4.2,System and Computing Resources,"Track, evaluate, and allocate sufficient infrastructure capacity, including specialized graphics hardware (GPUs) and memory arrays, to run models safely.",NIST SP 800-53 Rev. 5,SC-6,Resource Availability,"Configure allocations, performance throttling limits, and compute buffers to protect high-priority infrastructure against exhaustion or starvation.","Partial. ISO 42001 frames compute resources as a strategic provisioning requirement for model health, whereas NIST 800-53 provides the technical engineering rules to actively throttle, firewall, and prevent system-level resource depletion.",
A.4.3,Data Resources Inventory,"Develop and maintain a central index mapping all external and internal datasets utilized in model training, fine-tuning, and operational inference.",NIST SP 800-53 Rev. 5,CM-8,System Component Inventory,"Maintain a comprehensive, high-fidelity ledger tracking all hardware components, software builds, virtual environments, and system data repositories.","Partial. ISO 42001 requires tracking data elements specifically as an informational resource baseline for model lineage, while NIST CM-8 is optimized for technical component asset tracking across standard system boundaries.",
A.4.4,Tooling and Framework Maintenance,"Manage, patch, and authorize the specialized code libraries, MLOps orchestration blocks, model registries, and developer code environments.",NIST SP 800-218 (SSDF),PO-1,Requirements for Secure Software,"Define, document, and enforce security criteria for development environments, underlying tool chains, and core software repositories.",Full. Both ensure that the developer sandbox and automated ML pipelines are systematically hardened to prevent vulnerable libraries or unvetted scripts from tainting model wrappers.,
A.4.5,Environmental and Sustainability Impacts,"Measure, document, and actively seek options to minimize the carbon footprint, energy consumption, and environmental effects of heavy training runs.",NIST AI RMF 1.0,GOVERN 3.2,Resource Responsibility and Sustainability,"Evaluate and track the resource impact of compute choices, explicitly factoring in environmental costs and efficiency metrics when deploying large models.","Full. Both introduce a modern ESG-centric compliance criteria, mandating that the pure computing draw of frontier model engineering is evaluated as a core risk metric.",
A.5.1,AI System Impact Assessment Process,"Establish a formal, mandatory process to evaluate potential risks, opportunities, and downstream effects of each proposed AI application.",NIST AI RMF 1.0,MAP 1.1 / 1.2,System Context and Operational Mapping,"Analyze and document the context, systemic capabilities, business goals, and operational environment of AI configurations to discover potential impacts.","Full. Both mandate proactive risk-based due diligence, requiring that teams thoroughly map out the intent, user interaction patterns, and boundary limitations of a model before coding begins.",
A.5.2,Documentation of Impact Assessment Results,"Compile, index, and securely archive formal reports detailing impact assessment findings, residual risk levels, and management approval signs.",NIST AI RMF 1.0,MAP 4.1,Risk Documentation and Profiling,"Develop, document, and regularly maintain actionable risk profiles and impact maps for all active AI implementations.","Full. Both frameworks convert the abstract assessment process into audit-ready evidence, ensuring that engineering trade-offs and residual risk sign-offs are traceable.",
A.5.3,Assessing Impacts on Individuals and Groups,"Evaluate potential algorithmic harms regarding personal equity, discriminatory biases, privacy preservation, accessibility barriers, and civil rights.",NIST AI RMF 1.0,MEASURE 2.4 / 2.11,Fairness and Privacy Metrics Checking,"Quantify, track, and analyze potential proxy discrimination, disparate impacts, and data protection exposures in system outputs.","Partial. ISO 42001 focuses on a broad qualitative checklist targeting civil rights and vulnerabilities (e.g., child or worker protections). NIST AI RMF Measure goes deeper into specific mathematical indicators and diagnostic testing tools for profiling algorithmic fairness and bias.",
A.5.4,Assessing Macro-Societal Impacts,"Analyze systemic, long-term impacts of the AI application on demographic groupings, democratic processes, public discourse, and macro economics.",NIST AI RMF 1.0,MEASURE 2.12,Systemic and Multi-Tiered Harm Tracking,"Monitor, measure, and address high-level systemic threats, environmental impacts, and broader macro-societal risks linked to model scale.","Full. Both require organizations to look beyond narrow technical bugs to evaluate the broad, multi-tiered socio-technical repercussions of automation at scale.",
A.6.1,Responsible Design and Development Objectives,"Enforce mandatory development checkpoints ensuring all systems align with predefined ethical norms, fairness metrics, and corporate safety bounds.",NIST AI RMF 1.0,MANAGE 1.1,Systemic Risk Treatment Execution,Deploy and maintain clear technical control options to reduce model risk indicators during design and initial model building phases.,Full. Both require translating abstract policy commitments (like fairness or safety) into binding technical objectives throughout the early engineering phase.,
A.6.2,AI System Requirements and Engineering Specifications,"Document unambiguous technical specifications, data acceptance criteria, performance bounds, and intended use envelopes for each model build.",NIST SP 800-218 (SSDF),PW-1,Software Feature Requirements,"Define and collect functional security, code quality, and technical parameter criteria for all planned application software components.","Full. Both map to traditional software discipline, mandating explicit parameters to ensure the system cannot drift from its functional scope without detection.",
A.6.3,Technical Documentation and Design Specifications,"Compile and preserve exhaustive documentation capturing the exact network topology, model weights, hyperparameter profiles, and training curves.",NIST SP 800-53 Rev. 5,CM-2,Baseline System Configuration,"Establish, manage, and preserve formal documentation representing an authorized, secure baseline architectural state for the asset.","Partial. ISO 42001 requires documenting the unique, stochastic properties of a machine learning model (weights, hyperparameters, logic), while NIST CM-2 focuses on recording static configuration patterns of standard IT assets.",
A.6.4,Algorithmic Verification and Validation Testing,"Subject models to exhaustive testing across separate holdout sets to mathematically verify accuracy, robust alignment, lack of bias, and software security.",NIST AI RMF 1.0,MEASURE 1.1,Technical Performance Measurement,"Utilize rigorous, quantifiable metrics to regularly assess system robustness, safety tolerances, predictive accuracy, and security limits.","Partial. ISO 42001 specifies the high-level gate criteria for release, while NIST Measure coupled with SSDF PW-7 explicitly introduces advanced red-teaming, prompt evasion checks, and adversarial boundary testing methods.",
A.6.5,Managed System Deployment Controls,"Orchestrate structured, stage-gate deployment rollouts into live production networks, applying strict access rules and verification checks.",NIST SP 800-218 (SSDF),PW-8,Secure Release of Software Configurations,"Verify the integrity, signature state, and baseline safety of software packages before final operational release into staging or production boundaries.","Full. Both ensure that the deployment mechanism relies on authenticated, vetted pipelines, blocking unapproved versions or unauthorized scripts from reaching production endpoints.",
A.6.6,Operational Operation and Drift Monitoring,"Implement continuous automated monitoring over active models to log accuracy drop-offs, inference distribution shifts, and data drift anomalies.",NIST AI RMF 1.0,MANAGE 2.4,Continuous Post-Deployment Oversight,"Regularly monitor active systems against baseline metrics to verify ongoing performance stability, drift prevention, and alignment.",Full. Both require ongoing automated verification since model performance decays stochastically over time as external user behavior shifts away from initial training data vectors.,
A.6.7,System Fallback and Graceful Degradation,"Configure automated safe-fail states, human intervention gates, or deterministic script overrides if a model encounters out-of-distribution prompts.",NIST SP 800-53 Rev. 5,CP-2,System Contingency Plan,"Develop detailed plans and alternate fallback procedures to sustain operations during a system crash, technical compromise, or service failover.","Partial. ISO 42001 demands an active architectural solution for algorithmic safe-failing (e.g., dropping back to a deterministic rules engine). NIST CP-2 provides the administrative recovery manual for high-level business continuation and server restoration.",
A.6.8,System Inference Event Logging,"Capture and archive detailed audit trails recording input prompts, model selections, generated predictions, confidence weights, and override events.",NIST SP 800-53 Rev. 5,AU-2,Event Audit Generation,"Configure systems to record specific operational events, system calls, and transactional adjustments to support forensic mapping.",Full. Both mandate capturing transactional audit tracks to ensure that post-incident analytics can easily trace an erroneous inference or exploitation vector back to a specific timestamp and input payload.,
A.6.9,System Decommissioning and Phase-Out,"Establish formal parameters for archiving model state data, wiping weights from target clusters, and safely sunsetting processing nodes.",NIST SP 800-53 Rev. 5,MP-6,Media Sanitization,"Apply rigorous cryptographic wiping, degaussing, or physical destruction to guarantee data blocks cannot be extracted from discarded storage components.","Full. Both manage the terminal lifecycle layer, ensuring that highly protected intellectual property (like fine-tuned model weights) or user input records do not leak via lingering bits on decommissioned nodes.",
A.7.1,Data Sourcing and Acquisition Management,"Enforce formal validation workflows to verify that training data is legally obtained, adequately licensed, and cleared of copyright constraints.",NIST AI RMF 1.0,MAP 2.1,Data Ingestion Context Profiling,"Identify and catalog the characteristics, origins, legal parameters, and structural components of datasets targeted for ingest.",Full. Both seek to prevent structural intellectual property pollution by forcing organizations to prove they have valid rights over training materials.,
A.7.2,Data Quality and Suitability Assurance,"Establish rigorous quality criteria, profiling routines, and balance checking over training data pools to prevent skewed models or performance holes.",NIST AI RMF 1.0,MEASURE 2.6,Data Suitability and Quality Verification,"Conduct regular evaluations to check information density, label accuracy, structural bias, and overall data quality parameters before use.","Full. Both recognize that algorithmic integrity is tied directly to training material purity, requiring mathematical filtering to remove toxic, noisy, or unbalanced rows.",
A.7.3,Data Access Controls and Weight Isolation,"Apply logical access restrictions, database encryption, and role-based permissions over core training pools, code trees, and model parameters.",NIST SP 800-53 Rev. 5,AC-3,Access Enforcement,Deploy automated security settings to enforce logical access filters across system boundaries based on credential parameters.,Full. Both mandate technical least-privilege configurations to prevent internal or external threat actors from modifying data distributions or stealing model weights.,
A.7.4,Data Lineage and Provenance Tracking,"Maintain a verifiable, step-by-step history recording the exact transformations, augmentations, and cleaning steps applied to data pools.",NIST AI RMF 1.0,MAP 2.2,Data Lineage Documentation,"Map and trace the complete lifecycle, transformation steps, and migration chains of information assets utilized in AI development.","Full. Both ensure forensic reproducibility, meaning an engineer can trace how a raw data point was augmented, tokenized, and weighted during a given training run.",
A.7.5,Data Preparation and Labeling Guidelines,"Standardize instructions, bias-prevention rubrics, and technical tracking for data sanitization, annotation, and synthetic row generation.",NIST SP 800-218 (SSDF),PW-4,Secure Component Configuration,Configure and structure third-party inputs and custom dependencies safely before compiling them into system components.,"Partial. ISO 42001 focuses on the operational guidelines for human/automated labelers to ensure objectivity, while NIST SSDF looks at the technical verification of external component configuration blocks.",
A.8.1,System Transparency and User Cards,"Publish tailored disclosure documentation (e.g., model cards) detailing system intentions, accuracy baselines, and operational limits.",NIST AI RMF 1.0,MEASURE 2.3,Explainability and Transparency Frameworks,"Provide clear, consumable contextual explanations regarding model logic, intended behaviors, limitations, and operational metrics.","Full. Both bridge the gap between technical black-box architectures and consumer trust, mandating clear reporting on model capabilities and boundaries.",
A.8.2,External Alignment and Compliance Reporting,"Establish formal pipelines to communicate safety metrics, assessment results, and governance health to regulatory authorities or external auditors.",NIST AI RMF 1.0,GOVERN 1.4,External Communication and Trust Structures,Create and preserve transparent reporting channels for external partners regarding system safety and risk parameters.,"Full. Both focus on corporate accountability, moving beyond internal check routines to require verifiable trust signals for the public market.",
A.8.3,Incident and Drift Communication Channels,"Formulate exact procedural playbooks for reporting algorithmic failures, dangerous hallucinations, or performance breaks to impacted clients.",NIST SP 800-53 Rev. 5,IR-6,Incident Reporting,Enforce systemic processes and timing limits to report detected system compromises and active incidents to external stakeholders.,"Partial. ISO 42001 focuses on the communication protocol for AI-specific operational anomalies (e.g., massive bias detection or critical output failure). NIST IR-6 mandates strict timeline parameters for standard cyber incident escalation to external federal or legal entities.",
A.8.4,User Clarification and Recourse Mechanisms,"Design clear avenues enabling end-users to understand specific automated decisions, challenge system inferences, or demand manual human recalculation.",NIST AI RMF 1.0,MEASURE 2.2,Interpretability and Actionable Recourse,Ensure system operators and impacted users can interpret model logic and access clear avenues for recourse or human intervention.,Full. Both counter unvetted automated decisions by embedding human rights guardrails that protect end-users from unchecked algorithmic sorting errors.,
A.9.1,Responsible Operational Allocation and Use,Deploy structured guidelines and access check routines to ensure that models are executed within authorized business workflows.,NIST AI RMF 1.0,MANAGE 1.2,Operational Guardrails Implementation,Apply risk mitigation strategies and operational procedures to control model behaviors during daily business execution tasks.,"Full. Both function to close the 'last mile' of risk exposure, ensuring that a system engineered for one task is not unsafely repurposed for an unvetted business function.",
A.9.2,Human Oversight and Intervention Guardrails,"Embed mandatory, UI-level or procedural intervention thresholds enabling human supervisors to pause, override, or adjust model decisions.",NIST AI RMF 1.0,GOVERN 3.3 / MANAGE 1.3,Human-in-the-Loop Oversight Integration,"Establish clear parameters for human interaction, validation loops, and active manual control overrides over algorithmic loops.","Full. Both reject complete autonomous execution for high-risk pipelines, requiring real-time human capability to catch hallucinations or malicious outputs before final action.",
A.9.3,System Envelolpe Boundaries Enforcement,Establish automated validation scripts or rigid usage bounds to prevent end-users from inputting out-of-bounds tokens or breaking safety baselines.,NIST SP 800-53 Rev. 5,PL-4,Rules of Behavior,"Establish, communicate, and collect formal acknowledgments outlining rules and operational restrictions governing asset usage.","Partial. ISO 42001 leans toward enforcing hard technical constraints (e.g., prompt filtering, context length blocks) to force adherence to the use envelope, while NIST PL-4 relies on administrative policy forms signed by corporate network users.",
A.10.1,Shared Responsibility Matrix Allocation,"Explicitly document a boundary demarcation matrix defining security, tuning, data privacy, and output liabilities between upstream model providers and internal teams.",NIST AI RMF 1.0,GOVERN 1.3,Supply Chain Responsibility Demarcation,"Map, evaluate, and communicate structural dependencies and third-party accountabilities within the broader technology provider ecosystem.","Full. Both bring clarity to multi-tenant or API-driven architectures (e.g., using OpenAI or Azure foundational endpoints), ensuring it is clear who owns data encryption, guardrails, and model tuning tasks.",
A.10.2,Supplier Due Diligence and API Vetting,"Perform technical assessments, model card checking, and contractual compliance screening on third-party foundational models or hosted ML nodes.",NIST SP 800-53 Rev. 5,SR-3,Supply Chain Controls and Processes,"Execute specialized technical assessments, configuration checks, and supplier verification metrics across the acquisition lifecycle.","Partial. ISO 42001 targets the specific evaluation of foundational data lineage, bias reporting, and API security parameters of an AI vendor. NIST SR-3 applies a general infrastructure framework for anti-counterfeiting and hardware tamper detection across standard IT hardware lines.",
A.10.3,Downstream Customer and Client Safety Assurances,"Embed legal limits, usage constraints, secure connection configurations, and monitoring mandates into service SLAs provided to downstream integrators.",NIST SP 800-53 Rev. 5,SA-9,External System Services,"Oversee, authorize, and systematically restrict the usage metrics and delivery parameters of systems crossing organizational boundaries.","Full. Both dictate the downstream boundary layer, forcing providers of AI endpoints or enterprise portals to contractually and technically constrain client activity to mitigate widespread system abuse.",
